Favourite,Title,Date,Type,Age Rating,Main Emotion,Locations,Characters,Influences
No,UFO Sighting At Video Ezy,"January 1, 2005",Normal,SFW,Surprise,Retail Strip,"Aliens, Family","Personal Experiences, Ratchet And Clank 3 (2004)"
No,Shrunken Woman Falls Down A Shower Drain,"January 1, 2005",Nightmare,NSFW,Fear,House,Misc People,The Incredible Shrinking Man (1957)
No,Underwater Peeing Game Show,"January 1, 2005",Pee Dream,SFW,Happy,Ocean,"Fishes, Sharks",
No,Trapped With Gromit In My Bedroom,"January 1, 2005",Nightmare,SFW,Fear,Home,Gromit,Wallace And Gromit: The Curse Of The Were-Rabbit (2005)
No,Woman Journeys Through A Cave System-like Organism,"January 1, 2005",Nightmare,SFW,Fear,"Body, Cave, Virtual/Videogame","Explorers, Giant Organism",
No,Carnivorous Plant Attacks A Woman In A Lab,"January 1, 2005",Nightmare,SFW,Fear,"Lab, Virtual/Videogame","Carnivorous Plant, Scientists",
No,Warning Against Satan,"January 1, 2005",Normal,SFW,Surprise,Void,,Christianity
No,Circling Birds Hallucination,"January 1, 2008",Half-Asleep,SFW,Surprise,Home,Bluebirds,Looney Toons (1930)
No,Gorilla Face Hallucination,"January 1, 2008",Half-Asleep,SFW,Surprise,Home,Gorillas,
No,Grade Two Mud Homework,"January 1, 2008",Normal,SFW,Happy,Primary School,Mrs Wardle,Personal Experiences
Yes,Self-Aware Sleep Talking,"January 1, 2010",Half-Asleep,SFW,Fear,Home,Family,
No,Unit Robbed,"January 1, 2010",Nightmare,SFW,Fear,Home,Family,Personal Experiences
No,Giant Spider Under A Rock,"January 1, 2010",Nightmare,SFW,Fear,Home,Spiders,
No,Magic Soda Bottle Creates Money,"January 1, 2010",Normal,SFW,Happy,Home,,
No,Lost In The Ocean And Following Stars Back To Land,"January 1, 2013",Normal,SFW,Surprise,Ocean,Misc People,
No,Violent Alien Abduction,"January 1, 2013",Nightmare,NSFW,Fear,Bank,"Aliens, Misc People",
No,Hiding From Slenderman On The Sofa,"January 1, 2013",Nightmare,SFW,Fear,Home,Slenderman,Slender: The Eight Pages (2012)
No,Mum Killed In An Earthquake,"January 1, 2013",Nightmare,SFW,Sad,City,"Family, Misc People",
No,Angel Shields Me From Soldiers,"January 1, 2013",Normal,SFW,Fear,Home,"Angels, Soldiers",Christianity
No,Minecraft PS1 Port,"January 1, 2013",Normal,SFW,Happy,Virtual/Videogame,,"Minecraft Xbox Edition (2012), Personal Thoughts"
No,Local Park Music Concert,"January 1, 2013",Normal,SFW,Happy,"Home, Park, Playground","Misc People, Musicians",
No,Waiting For God’s Second Coming,"January 1, 2013",Normal,SFW,Anticipation,City,Misc People,Christianity
No,Giant Squeezes A Tiny Man's Wife To Death,"January 1, 2013",Nightmare,SFW,Sad,Room,"Giants, Misc People",
No,Perfectly Driving Mum's Car,"January 1, 2013",Normal,SFW,Happy,"Home, Neighbourhood",Misc People,Personal Experiences
Yes,Memory Reset Experiment,"January 1, 2013",Nightmare,SFW,Sad,Room,"Misc People, Scientists",
No,Foam Block Currency,"January 1, 2013",Normal,SFW,Surprise,Pier,,
No,Promoted To Admin In A Towny Minecraft Server,"January 1, 2014",Normal,SFW,Happy,Virtual/Videogame,"Misc People, RobyWounder",Minecraft (2009)
No,Becoming A Millionaire Via The Stock Market,"January 1, 2014",Normal,SFW,Happy,Office,,Personal Experiences
No,Neighbourhood Replaced With A Rice Processing Plant,"January 1, 2014",Normal,SFW,Sad,"Factory, Neighbourhood","Neighbours (Fake), Owen Wilson",
Yes,Disembodied Voice Gives Bad Prophecies,"January 1, 2014",Nightmare,SFW,Fear,Trenches,"Disembodied Voice, Misc People",Personal Thoughts
No,Escaping A Kidnapping,"January 1, 2014",Nightmare,SFW,Fear,"City, Docks, Office, River, Shopping Mall","Criminals, Misc People",
No,Finding Jayba Who Ran Away,"January 1, 2014",Normal,SFW,Surprise,"Home, Neighbourhood, Shopping Mall, Suburb",Family,Personal Experiences
No,Sleeping Beside Dying Elderly People,"January 1, 2014",Nightmare,NSFW,Fear,Room,Misc People,"Personal Thoughts, The Goodies (1970)"
No,Entering A Portal And Becoming Someone Else,"January 1, 2014",Nightmare,SFW,Sad,"House, Virtual/Videogame",Misc People,
Yes,Women Escape A Kidnapping,"January 1, 2014",Nightmare,NSFW,Fear,"Park, Suburb","Criminals, Misc People",Personal Experiences
No,Deranged Man At The Front Door,"January 1, 2014",Nightmare,SFW,Fear,Home,"Disembodied Voice, Misc People, Police",
Yes,Backyard Units Modernized,"January 1, 2014",Normal,SFW,Sad,Home,,Personal Experiences
No,Obstacle Course To Heaven,"January 1, 2014",Nightmare,SFW,Sad,"Heaven, Obstacle Course, Space",Ghosts,"Christianity, Personal Experiences"
No,Bathtub Blood Ritual Gone Wrong,"January 1, 2014",Nightmare,SFW,Fear,Room,"Friends (Fake), Ghosts",Freemasonry
No,Sick Neighbour Dragged On A Tricycle By Their Mum,"January 1, 2014",Nightmare,SFW,Surprise,Home,"? Mico's Mum, Mico",
No,Metal Arms Gameover Screen,"February 12, 2014",Normal,SFW,Sad,Planet,Glitch,"Metal Arms Glitch In The System (2003), Online Videos"
No,Flying With Rocket Boots,"January 1, 2015",Normal,SFW,Happy,Secondary School,,Astro Boy (1963)
No,Falling Asleep On The Sofa,"January 1, 2016",Normal,SFW,Surprise,Home,Family,
No,Obstacle Course And Cooking Gameshow,"January 1, 2016",Normal,SFW,Happy,Obstacle Course,Misc People,Total Wipeout (2009)
No,Shrapnel Pierces A Soldier's Brain,"January 1, 2016",Nightmare,SFW,Fear,Shed,Soldiers,Personal Experiences
No,Fingernail Hygiene Clinical Trial,"January 1, 2016",Normal,SFW,Fear,Clinical Trial Room,"Doctors, Misc People",Personal Experiences
No,Soldiers Defend A Desert Fortress,"January 1, 2016",Nightmare,SFW,Fear,"Desert, Fortress",Soldiers,Team Fortress 2 (2007)
No,Flying With A Solar Surfer,"January 1, 2016",Normal,SFW,Happy,"Home, Neighbourhood",,"Personal Thoughts, Treasure Planet (2002)"
No,Neighbour Shoots My Brother With A Shotgun,"January 1, 2016",Nightmare,SFW,Fear,Home,"Family, Neighbours",Personal Experiences
No,Standing Beside Naked People,"January 1, 2016",Nightmare,NSFW,Embarrassment,Room,Misc People,Personal Experiences
No,Jayba’s Educational Journey On An Island,"January 12, 2016",Normal,SFW,Happy,"Island, Virtual/Videogame","Family, Vultures",
No,Newspaper Geography Competition,"January 1, 2017",Normal,SFW,Surprise,Home,News Reporters,
No,Raptured To A Dystopian Heaven,"January 1, 2017",Nightmare,SFW,Surprise,Heaven,"Family, Misc People","Christianity, Personal Experiences"
No,Escaping Police At My Unit,"January 1, 2017",Nightmare,SFW,Fear,"Home, Neighbourhood",Police,
No,Drawing An Anime Woman,"January 1, 2017",Normal,SFW,Surprise,Secondary School,,Personal Experiences
No,Witch Forest Ritual,"January 1, 2017",Normal,SFW,Surprise,Forest,Witch,
Yes,Self-replicating Metal Bars Fill The Universe,"January 1, 2017",Nightmare,SFW,Fear,"Earth, Space",Nanobots,Personal Thoughts
No,Armed Teenagers Drive Down The Street,"January 1, 2017",Nightmare,SFW,Fear,Home,Misc People,Personal Experiences
Yes,Entering A Posthumanism Indoctrination Facility,"January 1, 2017",Nightmare,SFW,Fear,"Amphitheatre, Church","Brooke A, Dictators, Misc People, Satan","Christianity, Personal Experiences, Personal Thoughts"
No,Questioning Why Christians Are Joyful,"January 1, 2017",Normal,SFW,Sad,"Church, Heaven",Misc People,"Christianity, Personal Experiences"
Yes,Rejected Experimental Robot Conquers Earth,"January 1, 2017",Nightmare,SFW,Fear,"Earth, Scrapyard","Robots, Scientists",Steam Punks! (2013)
No,Questioning Who God Knew Before Creation,"January 1, 2017",Normal,SFW,Surprise,Void,God (Abrahamic),Personal Experiences
Yes,Confessing Sins During WW3,"January 1, 2017",Nightmare,SFW,Fear,Home,Family,
Yes,Rescuing God From A Demonic Obelisk,"January 1, 2017",Nightmare,SFW,Fear,"City, Heaven","Dejan C, Demons, God (Abrahamic), Michael C, Misc People",Personal Thoughts
Yes,Hesitant To Leave The Only Known City In Existence,"January 1, 2017",Normal,SFW,Fear,"City, Void","Inventor, Misc People",Personal Thoughts
No,Neighbourhood Nuked,"January 1, 2017",Nightmare,SFW,Fear,Home,Family,Indiana Jones And The Kingdom Of The Crystal Skull (2008)
No,Cube UFOs Hover In The Sky,"January 1, 2017",Normal,SFW,Surprise,Home,Aliens,
No,Therapist Discusses Jayba’s Death,"March 24, 2017",Normal,SFW,Sad,Void,Family,Personal Experiences
No,Escaping A Strict School Gone Wrong,"January 1, 2018",Nightmare,SFW,Fear,"Home, Neighbourhood, Secondary School","Robots, Students, Teachers",
No,Levitating By Tensing My Ankle Muscles,"January 1, 2018",Normal,SFW,Surprise,Home,,
No,Escaping A Witch In The Sewers,"January 1, 2018",Nightmare,SFW,Fear,Sewers,"Friends (Fake), Witch",
Yes,Haunted Church Funeral,"January 1, 2020",Nightmare,SFW,Fear,Church,"Ghosts, Grim Reaper",Personal Experiences
No,Visiting A Veteran Resort Gone Wrong,"January 10, 2020",Normal,SFW,Fear,"Resort, Secondary School","Family, Mrs Itsikson, Students, Teachers",Personal Experiences
No,Traveling To A Family Musical Misadventure,"January 11, 2020",Normal,SFW,Happy,"Amphitheatre, Church, Shopping Mall, Suburb","Family, Misc People, Rhiannon C",Personal Experiences
No,Walking Through An Arboretum Full Of Magpies,"January 11, 2020",Nightmare,SFW,Fear,Botanical Garden,Magpies,
No,Sliding To Church Gone Wrong,"January 11, 2020",Normal,SFW,Embarrassment,"Church, Home, Neighbourhood","Friends (Fake), Misc People",
No,Romans Find A Shipwreck,"January 11, 2020",Normal,SFW,Fear,Coastline,Romans,
No,Kidnapped By A Businessman To Demo A Cleaning Product,"January 11, 2020",Normal,SFW,Surprise,"Alps, Cave","Business Person, Yetis",
No,Investigating Sleeping Clones Of My Dad,"January 11, 2020",Nightmare,SFW,Surprise,Home,Family,
No,Haunted Mannequin Outside Church,"January 25, 2020",Nightmare,SFW,Fear,Church,"Family, Mannequin Creature, Misc People, Pastors",
No,Visiting A 20 Storey Shopping Mall,"January 25, 2020",Normal,SFW,Fear,Shopping Mall,"Family, Misc People",
No,Misleading Free Coca Cola Advertisement,"July 10, 2020",Normal,SFW,Sad,Shopping Mall,"Cashiers, Julien C, Misc People",
No,Discussing God’s Eternal Vigilance With Elderly People,"July 10, 2020",Normal,SFW,Surprise,Cafe,"Julien C, Misc People","Christianity, Personal Thoughts"
No,Alien Spider Survival,"July 10, 2020",Normal,SFW,Happy,"City, Forest, Virtual/Videogame","Aliens, Spiders","Spiderman (2002), Team Fortress 2 (2007)"
No,Escaping Giants Terrorising A City,"July 10, 2020",Nightmare,SFW,Fear,"Botanical Garden, City, Hotel","Family, Giants, Julien C, Misc People",Personal Experiences
No,McDonald's Free Food Exploit Gone Wrong,"September 19, 2020",Normal,SFW,Sad,Fast-food Restaurant,"Family, Fast Food Workers, Julien C, Misc People","Online Videos, Personal Experiences"
No,Driving A Car With An Xbox Kinect Gone Wrong,"September 19, 2020",Nightmare,SFW,Embarrassment,Suburb,Misc People,Personal Experiences
No,Held Hostage In A Remote Foster Home,"September 19, 2020",Nightmare,SFW,Fear,Suburb,"Misc People, Soldiers, Witch",
Yes,Rescuing My School From Terrorists,"November 2, 2020",Nightmare,NSFW,Happy,Primary School,"Criminals, Misc People, Soldiers",SpongeBob SquarePants (1999)
No,Chased By Orcs Into A Demonic Cave,"November 2, 2020",Nightmare,SFW,Fear,Cave,Orcs,"Christianity, TY The Tasmanian Tiger 2 (2004), World Of Warcraft (2004)"
No,Aliens Infiltrate Area 51,"November 2, 2020",Nightmare,SFW,Fear,Area 51,"Aliens, Misc People, Robots, Soldiers",Metal Arms Glitch In The System (2003)
No,School Award Ceremony Heist,"November 23, 2020",Normal,SFW,Happy,Secondary School,"Misc People, Mr Nathan, Students, Teachers",
No,Chased By A Shapeshifting Velociraptor,"November 23, 2020",Nightmare,SFW,Fear,Home,"Misc People, Soldiers, Velociraptor",Jerry Andrus’s Dragon Illusion
No,Curfew Outside My Unit,"December 9, 2020",Nightmare,SFW,Fear,Home,Soldiers,
No,Attacked By A Deranged Neighbour,"December 9, 2020",Nightmare,SFW,Fear,Home,Neighbours (Fake),
No,PewDiePie Moves Into My Neighbourhood,"December 9, 2020",Normal,SFW,Embarrassment,"Home, Neighbourhood","Neighbours (Fake), PewDiePie",Online Videos
No,Ghost Trips People In The Supermarket,"December 17, 2020",Normal,SFW,Fear,Supermarket,"Ghosts, Misc People",
No,Depressed Freelance Power Washer Quits Early,"December 17, 2020",Normal,SFW,Sad,Home,"Family, Misc People",
No,Fencing Excursion Gone Wrong,"December 17, 2020",Normal,SFW,Fear,"Canyon, Pier, Supermarket","Students, Teachers",
No,Managing An Amusement Park Gone Wrong,"December 17, 2020",Normal,SFW,Happy,"Amusement Park, Carpark, Shopping Mall","Jimmy Neutron, Misc People, Musicians, Police, Tommy Pickles","Rugrats (1991), The Adventures Of Jimmy Neutron Boy Genius (2002)"
No,Commercial Airliner Crashes Outside,"January 1, 2021",Nightmare,SFW,Fear,Home,,
No,Demons Hide Objects,"January 1, 2021",Nightmare,SFW,Fear,Home,Demons,Christianity
No,Hiding In A Safehouse From Prehistoric Creatures,"January 1, 2021",Nightmare,SFW,Fear,City,"Arthropleura, Misc People, Velociraptor","A Quiet Place (2018), Online Videos"
No,Upsetting Criminals Playing Cricket,"January 7, 2021",Normal,NSFW,Fear,City,"Aleksandr Orlov, Elves, Family, Mafia, Misc People, Mrs Claus, Santa, Sergei Orlov, Soldiers, Sullivan, Waiter, Workers","Commercials, Monsters Inc. (2001), Online Videos"
No,Draining A Car Fuel Tank Gone Wrong,"January 28, 2021",Nightmare,SFW,Fear,Home,Family,MythBusters (2003)
No,Squad Assaults Futuristic Fortress,"January 28, 2021",Normal,SFW,Happy,Fortress,"Robots, Soldiers","Overwatch (2016), Team Fortress 2 (2007)"
No,Bullet Ricochet Self-Defence Training,"January 28, 2021",Normal,SFW,Fear,"Home, Secondary School","Dejan C, Koalas, Komodo Dragon, Misc People",
No,Hospital Tentacle Monster,"May 7, 2021",Nightmare,SFW,Fear,"Highway, Hospital, TV Studio","Misc People, Soldiers, Tentacle Creature","Personal Experiences, Would I Lie To You? (2007)"
Yes,Hawaii Vacation Gone Wrong,"November 25, 2021",Normal,SFW,Anger,"Airport, Church, City, Garage","Church Staff, Family, Misc People",
Yes,Attacked By A Werewolf And Self-Replicating Nanobots,"December 2, 2022",Nightmare,SFW,Fear,"Arcade, Forest","MatPat, Nanobots, Werewolf","Online Videos, Personal Thoughts, Rick And Morty (2013)"
No,Military Jets Attack Civilians During A Blackout,"December 2, 2022",Nightmare,SFW,Fear,"Military Base, Retail Strip, Supermarket","Cashiers, Misc People, Soldiers",
No,Line Art Of Primary School,"January 1, 2023",Normal,SFW,Surprise,Primary School,Students,Personal Experiences
No,Spies Playground Heist Gone Wrong,"January 10, 2023",Normal,SFW,Happy,Playground,"Misc People, Police, Spies",The Bad Guys (2022)
No,Autistic Brother Runs Away From Home,"January 10, 2023",Normal,SFW,Fear,"City, House, Theatre","Criminals, Family (Fake), Misc People, Witch",Star Wars Battlefront II (2017)
Yes,Summoning A Demon Gone Wrong,"February 6, 2023",Nightmare,NSFW,Fear,"Bus Station, City, Secondary School, Suburb","Dejan C, Demons, Feminist, Ghosts, Goth, Julien C, Michael C, Misc People, Sam And Colby, Satanist, Soldiers, Students, Wolves","Online Videos, Personal Experiences"
No,Filming A Burger King Commercial Gone Wrong,"September 19, 2023",Normal,SFW,Happy,Fast-food Restaurant,"Actors, Film Crew, Misc People",Commercials
No,Demonic Fortune-telling For World Leaders,"September 19, 2023",Nightmare,SFW,Fear,Room,"Demons, World Leaders",Personal Experiences
No,Attacked By Strangers During A Walk,"September 19, 2023",Normal,SFW,Fear,Home,"Aliens, Criminals, First Responders, Misc People",Personal Experiences
No,Authoritarian Escape Room Facility,"October 24, 2023",Nightmare,SFW,Fear,"Escape Rooms, Facility","Family, Gothic Creature, Prisoners, Soldiers","Christianity, People Playground (2019), Personal Experiences, The Outlast Trials (2023)"
No,Scavenging An Abandoned Underground Facility,"November 29, 2023",Nightmare,SFW,Fear,"Facility, Hospital","Cats, Doctors, Misc People, Robots, Wolves, Zombies",Lethal Company (2023)
No,Gorilla Yelling,"January 1, 2024",Half-Asleep,SFW,Anger,Home,Gorillas,
Yes,Architecture Excursion Gone Wrong,"January 1, 2024",Nightmare,SFW,Sad,City,"Alexander Armstrong, Students, Teachers","News, Personal Experiences"
No,Terminator Lair Infiltration,"January 3, 2024",Normal,SFW,Fear,"Facility, Suburb","Friends (Fake), Misc People, Robots","Siren Head (2018), Terminator (1984)"
No,Woody Is Framed And Hides In A Zoo,"January 5, 2024",Nightmare,SFW,Fear,Zoo,"Mrs Tweedy, Police, Woody",Chicken Run (2000)
No,Shrunken Submarine Inside A Human Body,"January 16, 2024",Normal,SFW,Fear,Body,Misc People,Innerspace (1987)
Yes,Preaching A Self-control Sermon,"January 16, 2024",Nightmare,SFW,Bold,"Carnival, Church, Suburb","Criminals, Misc People, Police, Prostitute",Online Videos
No,Refugees Flee An Evil Military,"January 19, 2024",Nightmare,NSFW,Fear,"Desert, Harbour, Lab, Military Base","Jackie Chan, Refugees, Soldiers",
No,Heavy Fuels A Train To Escape Dragons,"January 22, 2024",Nightmare,SFW,Fear,Train,"Dragons, Heavy",Team Fortress 2 (2007)
No,Falsely Accused Prostitute On A Cruise Ship,"February 6, 2024",Normal,NSFW,Surprise,"Beach, Cruise Ship","Misc People, Prostitute",
No,Poltergeist Scares A Baby,"February 16, 2024",Nightmare,SFW,Anger,House,"Ghosts, Misc People",
No,Evil Talking Dog Tortures A Cat,"February 16, 2024",Nightmare,NSFW,Fear,Secondary School,"Cats, Dogs",
No,Mecha Army Raids An Alien Fortress,"February 20, 2024",Normal,SFW,Fear,"Fortress, Rural, Virtual/Videogame","Aliens, Leon Kennedy, Soldiers, Zombies","Resident Evil Village (2021), StarCraft II (2010)"
No,Stopping A Runaway Parked Coca-Cola Truck,"February 20, 2024",Normal,SFW,Surprise,Neighbourhood,Misc People,
Yes,Universe's Fate Songs,"March 14, 2024",Normal,SFW,Sad,Space,Musicians,Personal Thoughts
No,Visited By Green Twin Girls,"March 14, 2024",Nightmare,SFW,Fear,Home,"Family, Misc People, Tentacle Creature","Christianity, The Shining (1980)"
No,Chased By A Wooden Effigy At A Bus Stop,"March 16, 2024",Nightmare,SFW,Fear,"Bus Stop, Suburb","Effigy Creature, Misc People",
No,Reviewing A Restaurant Using A Spoon,"March 17, 2024",Normal,SFW,Surprise,Restaurant,"Misc People, Waiter",Personal Experiences
No,Hostage Negotiation Temporary Swap,"March 17, 2024",Normal,SFW,Fear,City,"Criminals, Friends (Fake), Misc People",
No,Neighbourhood Death Games By Aliens,"March 17, 2024",Nightmare,SFW,Fear,"Arcade, Home, Neighbourhood","Aliens, Misc People","As The Gods Will (2014), Squid Game (2021)"
Yes,Adopted By A Dragoness And Aliens Invade A City,"March 25, 2024",Nightmare,NSFW,Fear,"City, Desert, Home, Town","Aliens, Cats, Cows, Dragons, Misc People, The Grinch","Half Life (1998), How The Grinch Stole Christmas (2000), Zoochosis (2024)"
No,Air Show Tricks Gone Wrong,"April 4, 2024",Normal,SFW,Fear,Primary School,"Pilots, TV Presenters",
No,Purchasing A Rapper's Necklace,"April 4, 2024",Normal,SFW,Surprise,Primary School,"Misc People, Musicians",
No,Escaping A Death Cult,"April 4, 2024",Nightmare,SFW,Fear,"Secondary School, Suburb","Family, God (Abrahamic), Misc People, Police, Students, Teachers",History
No,TV Presenters Discuss A Sex Scandal Gone Wrong,"April 4, 2024",Normal,SFW,Surprise,Island,TV Presenters,News
No,Showing Up On The Wrong Day For A University Banquet,"April 18, 2024",Nightmare,SFW,Sad,Banquet,"Misc People, Students, Teachers",Personal Experiences
No,Superhero Live Meet And Greet Mask Feedback,"April 18, 2024",Normal,SFW,Surprise,Theatre,"Misc People, Willem Dafoe",Spiderman (2002)
No,Confused By Physics Class,"April 18, 2024",Nightmare,SFW,Sad,Secondary School,"Brooke A, Patrick M, Students, Teachers",Personal Experiences
No,Trolling Game Moderators Atop A Tall Building,"April 18, 2024",Normal,SFW,Happy,"Construction Site, Virtual/Videogame","Misc People, Robots","Personal Experiences, Roblox (2006)"
No,Hazmat Crew Cleans The School Toilets,"April 18, 2024",Normal,SFW,Surprise,Secondary School,"Hazmat Crew, Students",Personal Experiences
No,Finding Old Photographs In A Backpack,"April 19, 2024",Normal,SFW,Fear,Home,,Personal Thoughts
No,Accidentally Drinking Delicious Alcohol,"April 19, 2024",Normal,SFW,Surprise,Home,Family,
No,Shrek Ferry Ride Scam,"April 24, 2024",Nightmare,SFW,Anger,"City, Harbour, Ocean, TV Studio","Family, Gordon Ramsay, Misc People, Pilots","Hell's Kitchen (2005), News"
No,Spaceship Carrier Assault,"May 7, 2024",Normal,SFW,Happy,"Island, Virtual/Videogame",Soldiers,Beyond All Reason (2019)
No,Soldiers Defend A Shopping Mall From Zombies,"May 7, 2024",Normal,SFW,Fear,"Rural, Shopping Mall","Misc People, Robots, Soldiers, Zombies",
No,Entering The “Cloud 59” Parallel Dimension,"May 21, 2024",Nightmare,SFW,Fear,"Home, Parallel Dimension","Bearded Dragon, Family, Gothic Creature",
No,Trip To A Honey Factory And Festival Cart Ride,"May 28, 2024",Normal,SFW,Happy,"Factory, Festival, Train","Family, Misc People",Cart Ride (2008) (Roblox)
No,Soda Cup Toss Challenge Sports Day,"June 11, 2024",Normal,SFW,Happy,"Home, Secondary School","Family, Students, Teachers",Personal Experiences
No,Winning A MrBeast Gameshow,"June 15, 2024",Normal,SFW,Happy,Virtual/Videogame,"Misc People, MrBeast","Online Videos, Roblox (2006)"
No,Deformed Monster At The Front Door,"June 19, 2024",Nightmare,SFW,Fear,Home,"Deformed Creature, Family, First Responders",Personal Experiences
Yes,Father Turns A Miscarriage Into A Cyborg,"June 19, 2024",Nightmare,NSFW,Fear,"Forest, Home, Police Station","Criminals, Cyborgs, Misc People, Police",Astro Boy (1963)
No,Solving Hotel Puzzles To Reach “Heaven”,"July 5, 2024",Normal,SFW,Happy,Hotel,"Criminals, Explorers, Ghosts",The Pilgrim's Progress (1678)
Yes,Ignoring A Roadside Fire,"July 6, 2024",Nightmare,SFW,Sad,Secondary School,"Family, Misc People",
No,Tuxedoed Crowd Hypnotized By A Presentation,"July 7, 2024",Nightmare,SFW,Fear,City,Misc People,"Commercials, The Library Of Babel (1941)"
No,Scary Sushi Impossible Difficulty,"July 9, 2024",Normal,SFW,Happy,Virtual/Videogame,"Aliens, Chefs, Hiroshi Kimura, Janitors, Norman",Scary Sushi (2024) (Roblox)
No,Flying To A Recruitment Centre Gone Wrong,"July 18, 2024",Normal,SFW,Fear,"Automobile Repair Shop, Home, Neighbourhood, Recruitment Centre","Mechanics, Misc People, Soldiers","Mr Bean (1990), Online Videos, Personal Experiences"
No,Woman Carelessly Throws A Wallet Into Tall Grass,"August 3, 2024",Normal,SFW,Anger,"Maze, Rural",Misc People,
No,Hunting A Yeti Gone Wrong,"August 17, 2024",Nightmare,SFW,Fear,"Facility, Rural","Hunters, Yetis",Lost Rooms (2022) (Roblox)
No,Travelling Across A Volcanic Island Gone Wrong,"August 17, 2024",Nightmare,SFW,Fear,"Harbour, Suburb, Volcano","Black Creature, Explorers",Lost Rooms (2022) (Roblox)
No,Rectangle Jumping Arcade Game,"September 2, 2024",Normal,SFW,Happy,Arcade,Misc People,
No,Hotel Backrooms With A Vine And Statue Monster,"September 2, 2024",Nightmare,SFW,Fear,Hotel,"Misc People, Statue Creature, Vine Creature","Doors (2021) (Roblox), Lost Rooms (2022) (Roblox), Skibidi Toilet (2023)"
No,Hall Seating Construction Gone Wrong,"September 6, 2024",Nightmare,SFW,Fear,Secondary School,"Brooke M, Jared K, News Reporters, Students, Teachers",
No,Occult Meeting Gone Wrong,"September 25, 2024",Nightmare,SFW,Fear,Castle,"Criminals, Cult Members",
No,Magical Teacher Saves Remote Students,"September 30, 2024",Nightmare,SFW,Anger,"Airport, Cave, Forest, Primary School","Jodie Whittaker, Students, Teachers",
No,Rushed To Visit An Equestrian Showground,"October 4, 2024",Normal,NSFW,Embarrassment,"Home, Retail Strip","Family, Horses, Misc People",
No,Police Investigate An Abandoned Truck,"October 4, 2024",Normal,SFW,Fear,"Home, Neighbourhood","Neighbours (Fake), Police",
No,Squirting A Water Bubbler Back At Rude Girls,"October 5, 2024",Normal,SFW,Anger,Primary School,"? Indian Student, Students, Teachers",Personal Experiences
No,Exposing Plane Fuel Scam,"October 16, 2024",Normal,SFW,Surprise,"Desert, Secondary School","Business Person, Students, Teachers",Shark Tank (2009)
No,Indigenous Themed Sports Day,"October 16, 2024",Normal,SFW,Sad,Secondary School,"Julien C, Students, Teachers",Personal Experiences
No,Fighting A Giant Merman In Greek Ruins,"October 17, 2024",Normal,SFW,Happy,"Greece, Ruins, Virtual/Videogame","Giants, Merman, Romans",Mythology (2011) (Sakisa)
No,Dad Outruns The Police To Renew A Government Form,"October 17, 2024",Normal,SFW,Happy,"City, Government Office, Rural","Family, Misc People, Police, Public Servant",Personal Experiences
No,Rebuilding A Sci-Fi RTS And Platformer,"October 17, 2024",Normal,SFW,Happy,"Planet, Virtual/Videogame",,"Agar.io (2015), Battleship Forever (2007), Planetoid 3 (2009) (GameMaker)"
No,Ghost Hunting At 3AM,"November 26, 2024",Normal,SFW,Fear,Home,"Ghosts, Misc People, Tabitha",Online Videos
No,Escaping An Authoritarian Death Game Facility,"November 26, 2024",Nightmare,SFW,Fear,Facility,"Dejan C, MatPat, Misc People","Online Videos, Squid Game (2021)"
No,Swamp Construction Workshop,"December 11, 2024",Normal,SFW,Happy,"Swamp, Workshop","Students, Teachers",
No,Good Mafia Vs Bad Mafia,"December 11, 2024",Normal,SFW,Surprise,"City, Highway, Police Station","Mafia, Misc People, Police",
No,Kids Compete In An AI Image Generation Challenge,"December 16, 2024",Normal,SFW,Happy,"Primary School, Swimming Pool","Misc People, Teachers",News
No,A Robot Sends A Child To Spy On Me,"December 16, 2024",Nightmare,SFW,Fear,Home,"Family, Misc People, Robots","News, Online Videos"
Yes,The Man-child And The Rise Of Nazi Germany,"December 19, 2024",Nightmare,NSFW,Fear,"Farm, Home, Palace, Primary School, Shopping Mall, Town","Julien C, Misc People, Nazis","Christianity, Cool Runnings (1993), News, Personal Experiences, The Philosophy Book: Big Ideas Simply Explained (2017)"
Yes,The Heart's Desire,"December 29, 2024",Normal,SFW,Surprise,City,"Disembodied Voice, Misc People",Christianity
No,Mistakenly Thinking There Was A Demon In An Apartment,"January 1, 2025",Nightmare,SFW,Fear,Hotel,"Friends (Fake), Misc People",
No,A Hotel Gives Me Corn Chips For My Birthday,"January 1, 2025",Normal,SFW,Surprise,Hotel,"Family, Misc People",Personal Experiences
Yes,Fascist Anti-Dictator Propaganda Commercial,"January 13, 2025",Normal,SFW,Anger,"City, Room","Misc People, Soldiers",Personal Thoughts
No,Fighting China On A World Map,"January 13, 2025",Nightmare,SFW,Sad,"Earth, Virtual/Videogame","Misc People, Soldiers",Mini Empires (2022) (Roblox)
No,Forfeiting A Gun Duel,"January 14, 2025",Nightmare,SFW,Fear,"Garage, Home",Misc People,
No,Cockroaches Infest A Tall Building,"January 14, 2025",Nightmare,SFW,Fear,"City, House, Lab","Cockroaches, Misc People",Men In Black (1997)
No,Nose Piercing With A Vehicle Gone Wrong,"January 15, 2025",Nightmare,SFW,Anger,"Construction Site, Shed",Workers,
Yes,Man Dies While Fighting The Mafia And Goes To Hell,"January 15, 2025",Nightmare,SFW,Surprise,"Hell, Train Station","Criminals, Mafia, Misc People, Pilots, Saxton Hale",Team Fortress 2 (2007)
No,China Invades Australia,"February 4, 2025",Nightmare,SFW,Fear,"Shopping Mall, Suburb",Friends (Fake),
No,Blue Aliens Visit Earth To Showcase Their Lazer Eyes,"February 5, 2025",Normal,SFW,Happy,"City, Construction Site","Aliens, Misc People",Fantastic Planet (1973)
No,Liam Dresses Like Elvis And Sings In Front Of The School,"February 7, 2025",Normal,SFW,Happy,Secondary School,"Liam B, Students, Teachers",News
No,Surviving In A Basement From Monsters,"February 7, 2025",Normal,SFW,Fear,House,"Aliens, Misc People","FNAF (2014), Monsterum (2015), Zathura (2005)"
No,Attacked By A Crazy Old Woman And Deformed Dog,"February 8, 2025",Nightmare,SFW,Fear,Home,"Deformed Creature, Dogs, Family, Misc People",
No,Firearm Training At School And Satan’s Challenge,"February 11, 2025",Nightmare,SFW,Fear,"Primary School, Studio","Demons, Donald Trump, Satan, Students, Teachers","News, Online Videos"
No,Police Island Shootout,"February 11, 2025",Nightmare,SFW,Sad,"Home, Island","Criminals, Logan Paul, MrBeast, Police",
Yes,Stranger Questions My Mother's Old Age,"February 15, 2025",Nightmare,SFW,Sad,Shopping Mall,"Family, Misc People",Personal Thoughts
No,Teenager Ski Jump Gone Wrong,"February 17, 2025",Nightmare,SFW,Sad,"Field, Highway",Misc People,
No,Lazer Tag At A Floating Obstacle Course And Castle,"February 18, 2025",Normal,SFW,Happy,"Arcade, Castle, Floating Island, Obstacle Course, Theatre","Eyeball Creature, Misc People",
Yes,University Lecture Excursion Gone Wrong,"February 19, 2025",Nightmare,SFW,Sad,"Chicken House, University","Chickens, Mrs Brown, Students, Teachers",Personal Experiences
Yes,Discovering A Fake Parade Audience,"February 20, 2025",Normal,SFW,Surprise,"City, Hall, Sewers","Family, Misc People",Online Videos
No,Minecraft Pyramid Obstacle Course,"February 21, 2025",Normal,SFW,Happy,"Obstacle Course, Virtual/Videogame",Misc People,Personal Experiences
No,Storm Drenches Clothes Left In The Backyard,"February 21, 2025",Nightmare,SFW,Surprise,Home,"Family, Neighbours",
No,Art Museum Excursion Gone Wrong,"February 28, 2025",Normal,SFW,Happy,Art Museum,"Security Guards, Students, Teachers",Personal Experiences
No,Barge And Casino Heist Gone Wrong,"February 28, 2025",Normal,SFW,Fear,"Casino, City, Ocean","Misc People, Police, Rich Person",
Yes,Dissatisfied With University And Abused By Staff,"March 4, 2025",Nightmare,SFW,Anger,"Arcade, Art Museum, Convenience Store, Fast-food Restaurant, Restaurant, Supermarket, University","Cashiers, Dejan C, Fast Food Workers, Feminist, Misc People, Students, Teachers, Tom B","News, Personal Experiences"
No,Helping A Woman Cross A Conveyor Belt Bridge,"March 5, 2025",Normal,SFW,Happy,Shopping Mall,Misc People,
No,Troublesome Child At A Water Theme Park,"March 5, 2025",Normal,SFW,Surprise,"Carpark, Water Theme Park","Family, Family (Fake), Misc People",Personal Experiences
No,Disappointed With New School Sports Uniforms,"March 8, 2025",Normal,SFW,Sad,"Bus Stop, Primary School, Secondary School","? Levi's Brother, Bus Driver, Mrs Itsikson, Students",Personal Experiences
No,Rescuing Party Guests From A Gas Attack Gone Wrong,"March 20, 2025",Nightmare,SFW,Fear,"City, House","Criminals, Misc People",Batman (1989)
No,Soldiers Defend A City From Invading Helicopters,"March 20, 2025",Nightmare,SFW,Fear,"City, Fortress, River",Soldiers,News
No,Bad Neighbours Move Out Gone Wrong,"March 22, 2025",Normal,SFW,Fear,"Carpark, Factory, Home, Hotel, Shopping Mall","Family, Misc People, Neighbours",Personal Experiences
No,Riding A Robocraft Chassis,"March 23, 2025",Normal,SFW,Happy,"Room, Suburb, Virtual/Videogame",Misc People,Robocraft (2017)
No,Escaping An Island From An Invading Navy,"March 29, 2025",Nightmare,SFW,Fear,"Island, Ocean",Soldiers,The Conquerors 3 (2009) (Roblox)
No,Kicked Out Of The Children’s Swimming Pool,"April 1, 2025",Normal,SFW,Sad,"Primary School, Swimming Pool","Students, Teachers","Mr Bean (1990), Personal Experiences"
No,Winning $5 Million In Beast Games,"April 1, 2025",Normal,SFW,Happy,"Room, Theatre","Misc People, MrBeast",Online Videos
No,Hardcore Videogame,"April 4, 2025",Normal,SFW,Happy,"Beach, Cave, City, Room, Virtual/Videogame","Dogs, Fishes, Nazis, Robots, Security Guards, Vanoss Crew, Werewolf","Online Videos, Team Fortress 2 (2007)"
No,Food Court Excursion Gone Wrong,"April 5, 2025",Normal,SFW,Surprise,Shopping Mall,"Dogs, Fast Food Workers, Rhiannon C, Students, Teachers",Personal Experiences
No,Storm Drenches Clothes Left Outside,"April 7, 2025",Normal,SFW,Sad,Home,Family,
No,Staying At A Girl’s House Gone Wrong,"April 7, 2025",Nightmare,SFW,Fear,"Castle, Home, Parallel Dimension, Train Station, Void","First Responders, Friends (Fake), Misc People, Neighbours (Fake), Yūrei",
No,School Sports Captain Becomes An Engineer,"April 11, 2025",Normal,SFW,Sad,Secondary School,"News Reporters, Students",Personal Thoughts
No,Corrupt Vet Arrested For Cat Abuse,"April 11, 2025",Nightmare,NSFW,Anger,"Airport, Obstacle Course, Veterinary Clinic","Cats, Criminals, Misc People, Police, Veterinarian",Mad God (2021)
Yes,Questioning God During A Cavalry Ambush,"April 12, 2025",Nightmare,SFW,Sad,"Field, Forest","Horses, Soldiers",Personal Thoughts
No,Fighting A Decepticon In A Mecha,"April 14, 2025",Normal,SFW,Anger,Harbour,Transformers,"Pacific Rim (2013), Transformers (1986)"
No,Fighting Aliens On A Cruise Ship,"April 14, 2025",Nightmare,SFW,Fear,Cruise Ship,"Aliens, Misc People","Left 4 Dead 2 (2009), Shadow The Hedgehog (2005)"
No,Rescuing A Sinking Cruise Ship,"April 16, 2025",Normal,SFW,Surprise,"Cruise Ship, Ocean, Park","MacGyver, Misc People, Robots, Soldiers",MacGyver (1985)
No,Fleeing Zombies Outside A Shopping Mall,"April 16, 2025",Nightmare,SFW,Fear,"Building, Carpark, Shopping Mall","Bearded Dragon, Family, Misc People, Zombies",
No,Murdering A Friend Over Beating Their Wife,"April 26, 2025",Nightmare,NSFW,Sad,"Banquet, Convenience Store, House, Lake, Police Station, Suburb","Family (Fake), Fast Food Workers, Friends (Fake), Jesus, Misc People, Neighbours (Fake), Police",
Yes,Engineering Class Orientation Gone Wrong,"April 28, 2025",Nightmare,SFW,Sad,"Primary School, University","Students, Teachers",Personal Experiences
Yes,Cooking Class Orientation Gone Wrong,"April 28, 2025",Nightmare,SFW,Fear,"Cooking School, Ski Slope",Chefs,Hell's Kitchen (2005)
Yes,Astronaut Finds An Automated Planet Gone Wrong,"April 29, 2025",Nightmare,SFW,Fear,"Planet, Space, Warehouse","Astronauts, Carter, Chris Tucker, Creepers, Criminals, Misc People, Robots","Star Wars (1987), Thunderbirds (1965)"
No,Evacuating A Super Tornado,"May 1, 2025",Nightmare,SFW,Fear,Primary School,"Students, Teachers",
Yes,Confronting An Abusive Substitute Teacher,"May 1, 2025",Nightmare,SFW,Anger,Primary School,"Students, Teachers",Personal Experiences
No,Watching The Minecraft Movie Gone Wrong,"May 2, 2025",Nightmare,SFW,Sad,"Cinema, Slushie Store","Family, Janitors, Misc People","Fred Claus (2007), Minecraft (2025)"
Yes,Simultaneous Church Services Disrupt Each Other,"May 7, 2025",Normal,SFW,Anger,Church,"Misc People, Musicians, Pastors",
No,Moving A Haunted Painting Gone Wrong,"May 14, 2025",Nightmare,SFW,Sad,Art Gallery,"Ghosts, Staff",The Anguished Man (n.d)
No,Zombie Prop Hunt Gone Wrong,"May 22, 2025",Normal,SFW,Fear,"Spaceship Hangar, Virtual/Videogame","Misc People, Zombies",Team Fortress 2 (2007)
Yes,Attending A Christian Meeting About Church Decline,"May 23, 2025",Normal,SFW,Anger,Field,Misc People,"God Has A Wonderful Plan For Your Life (2010), News, Personal Thoughts"
No,Japanese Eating Game Show Gone Wrong,"May 23, 2025",Normal,SFW,Happy,Home,Misc People,
No,Trolled On Omegle By A Fat Man Pretending To Be A Girl,"May 24, 2025",Nightmare,SFW,Fear,"Home, Virtual/Videogame","Family, Misc People",Online Videos
No,Questioning The Age Of An Ancient Robot,"May 26, 2025",Half-Asleep,SFW,Surprise,Room,Robots,
Yes,Road Trip Adventure Reflection,"May 27, 2025",Normal,SFW,Sad,Virtual/Videogame,,"Personal Experiences, Personal Thoughts, Road Trip Adventure (2002)"
No,Superstorm Drives Crocodiles Into Populated Areas,"May 27, 2025",Nightmare,SFW,Fear,"Home, Secondary School","Crocodiles, Deers, Men In Black, Misc People",Online Videos
No,Getting An X-Ray In An Abandoned Hotel,"May 29, 2025",Normal,SFW,Fear,"Carpark, Hotel","Family, Misc People",Personal Experiences
No,Delegating A Generator Efficiency Task,"June 5, 2025",Normal,SFW,Happy,Hydroelectric Power Plant,Workers,Personal Experiences
No,Considering Switching To An Engineering Degree,"June 11, 2025",Normal,SFW,Sad,Void,,Personal Thoughts
No,Haunted Mansion Investigation Gone Wrong,"June 11, 2025",Nightmare,SFW,Fear,Mansion,"Cats, Ghosts",Personal Experiences
No,Extreme Swimming Lessons Gone Wrong,"June 18, 2025",Normal,SFW,Fear,Swimming Pool,"Crocodiles, Julien C, Students, Teachers",Personal Experiences
No,Enemy Base Infiltration Gone Wrong,"June 20, 2025",Normal,NSFW,Fear,"Fortress, Obstacle Course, Ocean, Stadium","Criminals, Julien C, Misc People, Musicians, Spies",Ratchet And Clank 3 (2004)
No,Cars Towed Away By A Homicidal Alien,"June 21, 2025",Nightmare,SFW,Fear,"Bus Station, Secondary School","Aliens, Family, Misc People, Police","Christianity, Lilo And Stitch (2002)"
No,Winning Art Competition,"June 21, 2025",Normal,SFW,Sad,Secondary School,"Katherine P, Mrs Brown, Students, Teachers","News, Personal Experiences"
No,Delivering Food To Charity By Boat,"June 26, 2025",Normal,SFW,Happy,"Garage, River, Warehouse","Students, Teachers",
No,Voting To Hear Students Rap,"June 26, 2025",Normal,SFW,Sad,Hall,"Students, Teachers",Personal Experiences
No,Courthouse RTS,"July 2, 2025",Normal,SFW,Surprise,"Courthouse, Virtual/Videogame","Bowler Hat Guy, Doris, Misc People","FNAF: Secret Of The Mimic (2025), Mad God (2021), Meet The Robinsons (2007), Minecraft (2009), The Conquerors 3 (2009) (Roblox)"
No,Shopping Mall Zombie Lockdown Survival,"July 3, 2025",Nightmare,SFW,Fear,Shopping Mall,"Ghosts, Misc People, Zombies","News, Online Videos, The Thing (1982)"
Yes,Exposing Demons In A Christian School,"July 3, 2025",Nightmare,SFW,Surprise,"Christian School, Library","Demons, Sarajah, Students, Teachers, Wolves","Christianity, Online Videos, Personal Experiences"
No,Makeshift Gym Electricity Experiment,"July 5, 2025",Normal,SFW,Surprise,Home,"Athletes, Family",
No,Last Day Of Primary School Gone Wrong,"July 9, 2025",Nightmare,SFW,Sad,Primary School,"Students, Teachers",
No,Industrial Room Team Deathmatch,"July 16, 2025",Normal,SFW,Fear,Room,Misc People,Online Videos
No,Western Roleplay Excursion Gone Wrong,"July 17, 2025",Normal,SFW,Sad,Themed Venue,"Actors, Students, Teachers",Personal Experiences
No,Reflecting On My Apeirophobia,"July 18, 2025",Normal,SFW,Happy,Suburb,"Alan Seawright, CaseOh, Jonathan Decker","Online Videos, Personal Thoughts"
No,A Man Sings A Call To Repentance,"July 18, 2025",Normal,SFW,Surprise,Suburb,Misc People,Mad God (2021)
No,Outsmarting An Insurance Scammer,"July 18, 2025",Normal,SFW,Happy,Suburb,Misc People,Online Videos
No,Robot Cleans Up Cow Poo,"July 18, 2025",Normal,SFW,Happy,"Field, Suburb",Robots,Personal Thoughts
No,Hide And Seek Art Gallery Misadventure,"July 19, 2025",Normal,SFW,Surprise,"Art Gallery, Secondary School","? Co Art Teacher, ? Indian Student, Students",Personal Experiences
No,Dad Accidentally Clicks On A Disguised Porn Video,"July 29, 2025",Normal,NSFW,Surprise,Home,"Family, Prostitute","Online Videos, Personal Experiences"
No,Alex Jones Dies At 60,"August 1, 2025",Nightmare,SFW,Sad,Home,"Alex Jones, News Reporters",Online Videos
No,Avoiding Gunmen In A Carpark,"August 6, 2025",Nightmare,SFW,Fear,Carpark,"Family, Misc People",
No,Workers Enslaved By AI Carry Pipes To Germany,"August 6, 2025",Nightmare,SFW,Surprise,"Highway, Town","Family, Robots, Workers",Mad God (2021)
No,Unnoticed Villain At A Family Musical,"August 6, 2025",Normal,SFW,Surprise,Church,"Actors, Family, Misc People","Personal Experiences, Too Many Cooks (2014)"
No,Bad Teenagers Cause Chaos In My Neighbourhood,"August 7, 2025",Nightmare,SFW,Fear,Home,"Family, Neighbours, Neighbours (Fake)","Pauline Hanson's Please Explain (2021), Personal Experiences"
No,"Revisiting The Studio In Sheep, Dog 'n' Wolf","August 8, 2025",Normal,SFW,Sad,"Room, TV Studio",Godzilla-like Creature,"Godzilla (1954), Sheep Dog 'n' Wolf (2001)"
No,Russia Invades Australia,"August 12, 2025",Nightmare,SFW,Fear,"City, River",Misc People,News
No,Playing With Bricks Gone Wrong,"August 20, 2025",Normal,SFW,Surprise,Home,Misc People,
No,Waiting For A Swimming Assessment,"August 23, 2025",Normal,SFW,Sad,"Secondary School, Swimming Pool","Students, Teachers",
No,Hardcore Zombie Wave Survival,"August 24, 2025",Normal,SFW,Fear,"Building, Field, Virtual/Videogame","Misc People, Zombies","Fortnite (2017), Team Fortress 2 (2007)"
No,"Family Friendly ""Deathrun"" Obstacle Course","August 26, 2025",Normal,SFW,Surprise,"Hotel, Obstacle Course","Family, Misc People, Mistletoebird","Minecraft (2009), Team Fortress 2 (2007)"
No,Friends Interrupt My Christian Infographic,"August 29, 2025",Normal,SFW,Sad,Home,"Family, Friends (Fake)",Personal Thoughts
No,Mum Wins A MrBeast Gameshow,"August 30, 2025",Normal,SFW,Fear,Cave,"Family, Misc People, MrBeast",Online Videos
No,Cleaning Houses Gone Wrong,"September 5, 2025",Normal,SFW,Fear,"Home, Neighbourhood","Angus, Family",Personal Experiences
No,Reenabling Sofa Cushions,"September 5, 2025",Normal,SFW,Surprise,Home,Family,
No,Surviving A Village Run By Psychopaths,"September 12, 2025",Nightmare,SFW,Fear,"Carpark, Village","Deers, Misc People","99 Nights In The Forest (2025) (Roblox), The Outlast Trials (2023)"
No,Dad Makes A Cake Out Of Honeycomb,"September 16, 2025",Nightmare,NSFW,Disgust,"Home, Lake","Bees, Family",
Yes,Confronting Marijuana Addicts,"September 17, 2025",Normal,SFW,Sad,Building,Misc People,Personal Thoughts
Yes,Following A Light Into A Void Gone Wrong,"September 17, 2025",Nightmare,SFW,Fear,"Train, Void","Misc People, Pilots","Personal Experiences, Personal Thoughts"
No,Chinese Market Gone Wrong,"September 22, 2025",Normal,SFW,Anger,Street Market,"Cashiers, Family, Misc People",News
No,Racing In A Car At Night,"October 4, 2025",Normal,SFW,Fear,"Home, Shopping Mall","Criminals, Family, Misc People",
No,Building A Bunker To Survive Bombers,"October 6, 2025",Nightmare,SFW,Fear,Home,Family,
No,Reunion With Julien Gone Wrong,"October 13, 2025",Nightmare,SFW,Sad,House,Julien C,Personal Experiences
No,Building A Stone Shoe Statue,"October 23, 2025",Nightmare,SFW,Anger,University,"Misc People, Students",News
No,Regretting Music Classes,"November 1, 2025",Nightmare,SFW,Sad,"City, Home, Music School","Bus Driver, Horses, Students, Teachers",Personal Experiences
No,Confronting Child Thieves,"November 4, 2025",Nightmare,SFW,Anger,Home,"Criminals, Taxi Driver",
No,Casual Christian Meetup,"November 4, 2025",Normal,SFW,Embarrassment,Home,"Family, Misc People","Christianity, Online Videos, Personal Experiences"
No,Chased By A Tripod Alien,"November 4, 2025",Nightmare,SFW,Fear,"Home, Neighbourhood","Aliens, Family",War Of The Worlds (2005)
No,Sushi Warehouse Buffet Excursion,"November 6, 2025",Normal,SFW,Fear,Warehouse,"Chefs, Students, Teachers",
No,Repelling Trespassers With Water,"November 8, 2025",Normal,SFW,Anger,Home,Misc People,
No,Dad's Brother Assaults My Sister During The Night,"November 14, 2025",Nightmare,SFW,Fear,"Forest, Garage, House, Train Station","Family, Family (Fake), Misc People, Police",Personal Experiences
Yes,Encountering Strangers On A Coastal Road Gone Wrong,"November 15, 2025",Nightmare,SFW,Fear,"Coastline, Forest","Clowns, Family, Misc People",
No,The Flintstones During The Great Depression,"November 20, 2025",Normal,SFW,Surprise,"Fast-food Restaurant, Mine","Barney Rubble, Fred Flintstone, Miners",The Flintstones (1960)
No,Red Rooster 51st Anniversary Gone Wrong,"November 20, 2025",Normal,SFW,Surprise,Fast-food Restaurant,"Family, Fast Food Workers, Misc People",
No,Training To Become A Submariner,"November 21, 2025",Normal,SFW,Surprise,"City, River","Students, Teachers",Personal Experiences
No,Late For Exams,"November 29, 2025",Nightmare,SFW,Fear,"Home, Secondary School, Street Market","Cashiers, Chefs, Family, Misc People",Personal Experiences
No,Winning Big On A Coin Pusher,"December 3, 2025",Normal,SFW,Happy,Sports Club,"Misc People, Staff","Personal Experiences, Radio"
No,Water Park Excursion Gone Wrong,"December 4, 2025",Nightmare,NSFW,Fear,Water Theme Park,"Jayden M, Mrs Brown, Staff, Steven M, Students",Personal Experiences
Yes,Winning A Lamborghini On A MrBeast Gameshow,"December 12, 2025",Normal,SFW,Surprise,Warehouse,"Misc People, MrBeast",Online Videos
No,Driving Along Narrow Paths Gone Wrong,"December 26, 2025",Nightmare,SFW,Fear,"Field, Trenches","Family, Misc People",
Yes,Group Assessment About Doomscrolling Gone Wrong,"December 31, 2025",Normal,SFW,Fear,University,"Students, Teachers",Personal Experiences
No,A Band Plays Music For God Over Billions Of Years,"January 3, 2026",Normal,SFW,Surprise,Heaven,"God (Abrahamic), Musicians",Online Videos
No,Host Introduces The Mark Of The Beast,"January 13, 2026",Nightmare,SFW,Fear,Church,"Family, IShowSpeed, Misc People","Christianity, Online Videos, Personal Experiences"
No,Mocking The 5G Internet Tram,"January 14, 2026",Normal,SFW,Happy,"City, Shopping Mall",Misc People,
No,Children Electrocuted By Balloons Touching Power Lines,"January 14, 2026",Nightmare,SFW,Fear,"Building, Rural",Misc People,Online Videos
No,Erika Kirk Debates Charlie Kirk's Assassination,"January 15, 2026",Nightmare,SFW,Sad,Building,"Erika Kirk, Misc People",News
No,Winning An Airsoft Battle Against Soldiers,"January 15, 2026",Normal,SFW,Happy,"Field, Military Base","Misc People, Soldiers",
No,Black Liquid In A Plastic Bottle Turns Into A Giant Monster,"January 17, 2026",Nightmare,SFW,Fear,"Arcade, City","Misc People, Monsters",
No,Meeting With My Ex-Girlfriend,"January 19, 2026",Nightmare,SFW,Fear,"Home, University","Family, Friends (Fake)",
No,Secret Urine Collection Experiments In The Men's Restroom,"January 20, 2026",Nightmare,NSFW,Disgust,Building,Misc People,
No,Moving Into A Questionable Refurbished Heritage Apartment,"January 20, 2026",Nightmare,SFW,Sad,"Building, City","Government Worker, Misc People",
No,Attending A Class With A Strict Asian Substitute Teacher,"January 21, 2026",Nightmare,SFW,Fear,Secondary School,"Students, Teachers",
No,Creating A Metal Arms Wave-Based Survival Videogame,"January 22, 2026",Normal,SFW,Happy,Shopping Mall,"Misc People, Robots",Personal Experiences
No,Escaping Police Trying To Arrest My Family For Watching A Movie,"February 2, 2026",Nightmare,SFW,Fear,"Home, Neighbourhood","Dogs, Family, Police","A Super Progressive Movie (2026), News"
No,Trolling Players In A War Tycoon,"February 3, 2026",Normal,SFW,Happy,"Island, Military Base",Misc People,Military Tycoon (2021)
No,Finding An Elevator That Creates Infinite Virtual Worlds,"February 7, 2026",Normal,SFW,Surprise,"Art Museum, Cafe",Misc People,"Genie 3 (2025), The Elevator (2018) (Roblox)"
Yes,Dash Infiltrates A Covert Cult Undercover,"February 8, 2026",Nightmare,SFW,Fear,Hall,"Criminals, Superheroes",